{"val_loss": [37.37321850034594, 37.37023527765274, 37.36952753183245, 37.36794933615252, 37.384622657075525, 37.38679487338662, 37.37138471562415, 37.361888069588694, 37.36230098041892, 37.356138438388705, 37.3461387527287, 37.343865787830204, 37.34337929164246, 37.34544083367474, 37.33750046335068, 37.346599418357016, 37.328537437264806, 37.322436186721546, 37.319854431554674, 37.315600038268606], "val_mean_absolute_error": [0.005838613303378225, 0.006444371733814478, 0.008844965910539031, 0.026340463750064373, 0.054944339692592624, 0.06515542933344841, 0.03917257195711136, 0.026816220328211786, 0.031222825340926647, 0.02225185413658619, 0.02569624674320221, 0.021125969171524046, 0.01509108566120267, 0.012144246488809586, 0.009309922568500042, 0.007766291251406074, 0.00590861190110445, 0.005588739674538374, 0.0053325846390798685, 0.004648514347150922], "loss": [0.5570966934133321, 0.4868018610240892, 0.47577418857216836, 0.42501069900877775, 0.27778925142884253, 0.1400188619721681, 0.08515567632969469, 0.07283047442026436, 0.06781986153516918, 0.05622462137844413, 0.04516076522804797, 0.031567665730789306, 0.021953836882300674, 0.01632188438847661, 0.012978725288435817, 0.01050803216136992, 0.009534488744940608, 0.008119192909030244, 0.007449981359904632, 0.006227719190251082], "mean_absolute_error": [0.040124136408045886, 0.009597317422553897, 0.012316851821541786, 0.021617841928452255, 0.034408114586025475, 0.033054852928221225, 0.020988283494859934, 0.014224927531555295, 0.012176834763213993, 0.01266013124510646, 0.01313182330019772, 0.012236874055117369, 0.009900172099471092, 0.007982996253296733, 0.006555729660205543, 0.0056924842480570075, 0.005163058875128627, 0.0047537180637940765, 0.004445209091156721, 0.004118905158527196]}