{"queries": [[179, 180, 181, 182, 212, 243, 260, 261, 294, 295], [1950, 1694, 1898, 1951, 1674, 1948, 1949, 1952, 1044, 1059], [2815, 2786, 2983, 2785, 2814, 2467, 2816, 2787, 2912, 2982], [3491, 3654, 3710, 3333, 3490, 3711, 3827, 3320, 3978, 3166], [4196, 4598, 4337, 4597, 4336, 4346, 4347, 4185, 4389, 4197], [5523, 5414, 5704, 5813, 5006, 5737, 5283, 5524, 5254, 5591], [6554, 6044, 6630, 6370, 6719, 6479, 6994, 6216, 6252, 6995], [7531, 7856, 7273, 7186, 7182, 7183, 7185, 7189, 7195, 7192], [8860, 8167, 8645, 8578, 8646, 8538, 8577, 8672, 8438, 8539]], "val_loss": [53.68060469271801, 53.67579743664153, 53.67001645920798, 53.658237498488276, 53.6538406284079, 53.64720089919865, 53.63757215067372, 53.63509278805554, 53.639637383311985, 53.61862782334536, 53.61300030526519, 53.62157077418268, 53.611319040209054, 53.60407900124788, 53.58556650389731, 53.5855275722146, 53.58838577231765, 53.57701035779714, 53.56527315863967, 53.57419269527495], "val_mean_absolute_error": [0.006092468651011586, 0.005620170493610203, 0.008519900841638445, 0.007262090116739273, 0.008287566611543298, 0.010176635148003698, 0.008308393791317939, 0.011047052171081305, 0.012627406368032099, 0.00942353442683816, 0.00871527649089694, 0.01046394175104797, 0.011719607703387737, 0.00862779476121068, 0.010175966523587704, 0.00993939728103578, 0.011946669422090054, 0.012882751319557429, 0.011914833288639784, 0.012762825105339288], "loss": [11.239827951794117, 61.35944846570659, 10.9607565030884, 70.06582580520063, 1182.4319814323499, 152.16735362377372, 6.11642126247175, 21.876439417256602, 185.3643519499451, 21.700018661879376, 10.76236272022929, 52.79341725383699, 110.84449230666868, 50.63443039227594, 40.55791522745229, 52.29396467146762, 175.87369693366438, 76.26745340138395, 10.890585341901332, 33.30952889870219], "mean_absolute_error": [0.0473682326823473, 0.009677450419589877, 0.00961109454743564, 0.00978147744499147, 0.011071951714344323, 0.01056563385874033, 0.00945198553521186, 0.010351982782222331, 0.011465415307879447, 0.010525731582380831, 0.010393138649128377, 0.011097295515984297, 0.01131284820344299, 0.011198587210476398, 0.012014771266654133, 0.012872078605741263, 0.01244940296933055, 0.012641880330443382, 0.01203064570389688, 0.014207515738159418]}