{"val_loss": [53.67096532092616, 53.82850223941728, 53.77215318187699, 53.813969865458084, 53.82918023360521, 53.82597714605369, 53.81797026456706, 53.83795343866106, 53.859704131908714, 53.84417862264439, 53.850411293957386, 53.854887134294025, 53.859322427755224, 53.869799830902366, 53.88570240322128, 53.84727335795015, 53.88344973930717, 53.86737704416644, 53.875895519577895, 53.874416301915424], "val_mean_absolute_error": [0.008558082519099116, 0.00837959836795926, 0.006082502576522529, 0.006168203757144511, 0.006167285362258554, 0.005185641314834356, 0.005383895247243344, 0.004747016325592995, 0.004769839890301227, 0.004826673685573041, 0.004804406910203398, 0.00470591348875314, 0.005262473435141146, 0.004426006770692765, 0.004496114650275558, 0.004031531180255115, 0.004694480194710195, 0.004225410674698651, 0.004459552485030145, 0.004170281331054866], "loss": [0.19976431169584394, 0.03911499467678368, 0.00532099282857962, 0.0025204837078927084, 0.0017223461336223409, 0.0012747439143247902, 0.0010421528921928257, 0.0008907960886601359, 0.0007945341039914638, 0.0006869621144142002, 0.0006366591603495181, 0.0005683518625097349, 0.0005142937037278898, 0.0004874179206439294, 0.0004478461624996271, 0.0004114329793548677, 0.0003896413561218651, 0.0003746381830831524, 0.0003483912268653512, 0.00034003875556809363], "mean_absolute_error": [0.034671431667730214, 0.018595608204603195, 0.009896644887328148, 0.0058915385438129304, 0.00402814023848623, 0.003042646631319076, 0.0025440815539099276, 0.0022483832184225323, 0.002027341062016785, 0.001854963269084692, 0.0017350770571734756, 0.0016278125150129199, 0.0015445752089843154, 0.0014653587759006768, 0.0013942250746767969, 0.0013416341948322952, 0.001290141220530495, 0.001254373941058293, 0.001212196691846475, 0.0011844677820801734]}