{"queries": [[431], [1950], [2815], [3491], [4196], [5414], [6044], [7856], [8646]], "val_loss": [53.68356553895399, 53.67759430610761, 53.66578582780063, 53.65323917066679, 53.645204241245985, 53.64376601349562, 53.64055206817388, 53.64458039183915, 53.63325845123828, 53.66313335081935, 53.61159169793129, 53.615563863039014, 53.65364215758443, 53.597542392849924, 53.63424205085635, 53.59053904241323, 53.611648556172845, 53.580356450289486, 53.608604742109776, 53.603958863154055], "val_mean_absolute_error": [0.03351726570725441, 0.03182487391680479, 0.028971712075173853, 0.023150387816131116, 0.018960143595933916, 0.019664802644401787, 0.018411113943904638, 0.016844784814864396, 0.01413076402619481, 0.016288835808634758, 0.014790867362171412, 0.013925147961825132, 0.016368729691952466, 0.013360066618770362, 0.016597338777035474, 0.01416020467877388, 0.017320837937295438, 0.02075531355291605, 0.019059666253626345, 0.018402508214116098], "loss": [201.69734449416922, 63.112921406905166, 11.65506647509653, 12.459500709022024, 11.103752626713366, 17.974077057074382, 89.82423135906066, 310.685363197219, 149.34265821950453, 75.42664550435096, 3994.807864548365, 22.330951058686153, 27.664120472733305, 74.70886283831186, 31.668409109500423, 16.059508057049104, 133.48094299184717, 20.26905418353714, 48.98778077612594, 24.50151205415502], "mean_absolute_error": [0.06149706846363843, 0.012711911031976343, 0.01197919947206974, 0.01126846981048584, 0.011233886328339576, 0.011217168614268302, 0.012933311685547233, 0.013047232096269727, 0.013945010362192988, 0.014458206456527114, 0.018311626077443362, 0.015276659042015672, 0.015490226540714502, 0.015663101435080172, 0.01648189577832818, 0.017175437772274017, 0.017377930096164347, 0.018882283026352524, 0.018799133127182722, 0.018358776153624058]}