{"val_loss": [53.66728473732248, 53.614323807373644, 53.476722091328355, 52.931074230059984, 53.0130532139875, 53.11098027552664, 53.40315300154686, 53.53906269761361, 53.596663938729094, 53.60533981812559, 53.60015525860712, 53.627561415890234, 53.61136151485052, 53.61886153992638, 53.617933084888385, 53.6015339323557, 53.614687179592906, 53.62249554654024, 53.614350206445906, 53.640353186928664], "val_mean_absolute_error": [0.007295820286497474, 0.007073689080774784, 0.021069543451070784, 0.01696919845417142, 0.021039784140884876, 0.026412686832249163, 0.016755799889564514, 0.01245318714529276, 0.007388183161616326, 0.005985142500139773, 0.005361961038783193, 0.004953969131223857, 0.004554328720085323, 0.005262801294215023, 0.005038274085149169, 0.004229740913957358, 0.004078069310635328, 0.0040989545555785295, 0.004391059890389443, 0.004539321823976934], "loss": [0.5700315798038617, 0.5179357358444482, 0.4881057267572731, 0.36122679694890975, 0.19295061416924, 0.0838771568391472, 0.044708396347798406, 0.02959284155908972, 0.021622892268374563, 0.01562749451706186, 0.013478758834395558, 0.011275463624624536, 0.00900442897141911, 0.008034151609009131, 0.00681318424269557, 0.005956675804732367, 0.005629872212326154, 0.0052738711250713095, 0.004570342664327472, 0.004502662256942131], "mean_absolute_error": [0.03059156187772751, 0.012008615831658244, 0.017703387441858648, 0.03537852464914322, 0.0388933718405664, 0.03004350836277008, 0.019126973593980075, 0.012857096984609961, 0.009200656623393297, 0.007281304816342891, 0.006154871728457511, 0.005625811324827373, 0.005062822967395186, 0.00460233554886654, 0.004316767453681677, 0.003946518912538886, 0.003728972858376801, 0.0035506569121964275, 0.003324865523725748, 0.00313141761161387]}