{"val_loss": [37.37352101991512, 37.40604197925702, 37.39771574181877, 37.39059256337397, 37.40225752621889, 37.396151926156136, 37.39592564642616, 37.400122727684675, 37.38932158502564, 37.415478777041656, 37.403813844716176, 37.395960265258324, 37.39314126655925, 37.41161070530676, 37.420284140720966, 37.42337153492309, 37.411438392546025, 37.406270743286235, 37.406569082414734, 37.42336404116452], "val_mean_absolute_error": [0.014647287826985121, 0.008990205839276314, 0.006249743733555078, 0.005394206756725907, 0.005228370040655136, 0.004552791041322052, 0.004498052580282092, 0.0040999308880418535, 0.0046443140776827934, 0.003828808482736349, 0.003915615184232593, 0.004062064703553915, 0.0038375794384628535, 0.004162667826749384, 0.0039938458483666185, 0.003936326707713306, 0.0037615786036476495, 0.003646114748902619, 0.0036266852067783476, 0.0035772350672632455], "loss": [0.5749185698587448, 0.048895385085605085, 0.014296114497259258, 0.009819627744983881, 0.005472243608115241, 0.0032797637486364694, 0.002478581055253744, 0.0018480254147201776, 0.0016117055599810556, 0.0014576532141305507, 0.00111875183848897, 0.001216475347953383, 0.0010403324438026174, 0.0009046713483170606, 0.0007342854431597516, 0.0008450880017247983, 0.0006303767739853355, 0.0009092705439601559, 0.0006371146347548347, 0.0007658775066665839], "mean_absolute_error": [0.04615723664052784, 0.01914409886151552, 0.009742198668979109, 0.007080608617141843, 0.005920907097309828, 0.004725518840271979, 0.003935293270088732, 0.0034768949592486023, 0.0031435858761891724, 0.002889320180658251, 0.0027179740723222495, 0.0025529760672710834, 0.0024289343400858343, 0.00233431450529024, 0.002238405226590112, 0.002154958768002689, 0.00208470404217951, 0.0020264937858097253, 0.001972846242785454, 0.0019370612302795052]}