{"val_loss": [37.37416642110236, 37.374492152648045, 37.373638255430386, 37.37372062760405, 37.37182688430697, 37.3673829790391, 37.36578084557131, 37.363803904784845, 37.35894857846759, 37.35571967826784, 37.35308979769051, 37.35020976307802, 37.34133217987791, 37.347167381225155, 37.33826349754259, 37.33266537707299, 37.32861360115558, 37.33228148777038, 37.32695308019221, 37.339598011910915], "val_mean_absolute_error": [0.010066358469426632, 0.006824708707630634, 0.006214500231668353, 0.006474050791934132, 0.006131092920899391, 0.006851526003330946, 0.007035741804167628, 0.007611904552206397, 0.007418496355414391, 0.008054503928869963, 0.008462949194014073, 0.010277457032352687, 0.011368735864758492, 0.01277433230355382, 0.010622210413217545, 0.010785782407969237, 0.011893456649035215, 0.011674895912408828, 0.011490289814770223, 0.011351015321910381], "loss": [42.923037282078155, 4653.073822735572, 15.943042179267295, 60.65794005225692, 139.9020268020874, 25.806803022155723, 25.7870281159129, 118.99005470276326, 65.82320938697718, 158.03890146218313, 33.15115313769505, 802.6889548455646, 388.51243537678624, 81.79101271974258, 55.31065868285745, 547.512594991541, 51.70768240598031, 15.767311601150036, 4536.304079310079, 18.88616508972328], "mean_absolute_error": [0.05563076651580632, 0.013229668745025992, 0.009623743310943246, 0.009342040975950658, 0.008951038562506437, 0.008520072915032506, 0.008722312375344337, 0.00943390816990286, 0.009282266886904835, 0.009994939357228578, 0.009695796314626932, 0.011340467815846205, 0.012050970306992531, 0.01172489653378725, 0.01241932735927403, 0.013270308432355523, 0.013455330479890108, 0.01384233442619443, 0.01590481640584767, 0.01416455750130117]}