{"val_loss": [1.991264623556286, 1.9855229918062687, 1.9815639928765596, 1.9772912375293672, 1.974674818430096, 1.974371824271977, 1.9808732477724553, 1.9853705267012118, 1.982608666718006, 1.9966361797451972, 1.992882072687149, 1.9789646293371916, 1.9777669171392918, 1.9814203755110502, 1.9678933740854263, 1.9471733207553625, 1.9494193577319383, 1.9399807392656803, 1.9454849514812231, 1.9327504846304655], "val_mean_absolute_error": [0.048408866345882415, 0.03514698603749275, 0.03433152279257774, 0.028504224069416523, 0.02247675834596157, 0.019056159503757955, 0.01866348470747471, 0.017274776145815848, 0.015545328691601754, 0.015016683585941791, 0.013472282681614161, 0.012084085017442703, 0.013659971740096807, 0.014695699661970138, 0.013537922881543636, 0.010522669482976197, 0.011448674019426107, 0.010371406782418489, 0.010953195456415415, 0.013202300559729338], "loss": [492.43532995600606, 82.48242633444444, 32.347231221834946, 1155.27597380131, 71.41353325385079, 291.2424165892271, 13.371904517138004, 23.087667201301826, 89.70375606184899, 90.47139387084394, 92.51934763132539, 94.62190159393437, 276.35116149124804, 249.383513483998, 48.65410530918967, 21.42452544492725, 8.691111950691417, 75.07878397387583, 5294.077505405712, 459.412167344648], "mean_absolute_error": [0.06385185031332076, 0.012134248388186096, 0.011306394231691956, 0.013132727876678109, 0.011666429581493139, 0.011487520333379507, 0.010710045532137155, 0.011182783016934992, 0.011392423083633184, 0.012680651327222585, 0.013786836735531688, 0.014242250207439066, 0.01597526974454522, 0.01674987797960639, 0.018238892287015914, 0.01788630920499563, 0.01572604652531445, 0.01635890928655863, 0.019329254138469695, 0.018947014413401485]}