{"val_loss": [1.979586239596829, 1.9753772297818213, 1.9722383345961572, 1.968559417758137, 1.9638247101977468, 1.9589862578585744, 1.953335076481104, 1.949407939441502, 1.9371100863814354, 1.9362231106758119, 1.923758800521493, 1.9023207668736577, 1.8853238665238023, 1.8664455616101623, 1.849545653436333, 1.8350246567316353, 1.8105936537235976, 1.8126916955783963, 1.790606570377946, 1.8417451487705112], "val_mean_absolute_error": [0.009931717317551374, 0.009294049091637134, 0.00857350741699338, 0.007147210715338588, 0.007092058876529336, 0.008692343452945351, 0.008931830843910575, 0.009591677263379096, 0.00883869095146656, 0.011556627791374922, 0.013452880177646875, 0.015411188244819641, 0.019375709660351275, 0.016906692288815976, 0.014243435468524695, 0.01660573883354664, 0.019821397580206394, 0.01993918415904045, 0.027002412721514702, 0.029512525297701358], "loss": [20980.4224613945, 20980.325687014647, 20980.313818944436, 20980.242959416195, 20980.204757998526, 20980.155067511398, 20980.110501053412, 20979.99569848247, 20979.951584258448, 20979.814156674067, 20979.659620866427, 20979.620481418493, 20979.01196866096, 20978.720644271485, 20978.722546213183, 20979.044449548204, 20978.162839450582, 20977.90482519392, 20977.25650262726, 20978.35682715572], "mean_absolute_error": [0.04912503608837724, 0.016723130488023163, 0.01619363908059895, 0.016923834916576744, 0.017240616390109063, 0.018617122907564045, 0.019186621109768747, 0.020688171104341745, 0.02225865139849484, 0.022276677105948328, 0.025171661514416337, 0.029505855332314968, 0.032750850444287063, 0.034946070596575736, 0.035689978097379206, 0.03730380449071526, 0.03822696295529604, 0.04172257703468204, 0.04250493427440524, 0.041571878803521395]}