{"val_loss": [1.9832260246668012, 1.9808509504962712, 1.9761879970598966, 1.973622002389282, 1.9720664027743042, 1.9830232978090643, 1.9791810630708933, 1.9817481639683248, 1.9910548822879792, 1.9889876481890678, 1.9747194648534059, 1.9778541905134917, 1.9873001510053874, 1.9703308387324214, 1.9686950101405383, 1.9867255032956601, 1.9583384346663952, 1.9970863887667656, 1.9519152334034442, 1.974017588749528], "val_mean_absolute_error": [0.01188054183870554, 0.009216392319649458, 0.010997284028679133, 0.008105522595345974, 0.009215603202581406, 0.010804655946791171, 0.01090379811823368, 0.010631519947201013, 0.011172631997615099, 0.012192001346498728, 0.011953716699033976, 0.012992765255272388, 0.0149816362708807, 0.015786127287894487, 0.012823300544172526, 0.014878566566854715, 0.012381424147635699, 0.015863979633897542, 0.012642249543219805, 0.016999619144946337], "loss": [62.78951912303455, 53.97117908850089, 243.91981787310374, 140.65787169542256, 94.79368592392598, 117.53244207215458, 12.206730170406587, 145.73568212093227, 33.06634164756648, 317.62082978731354, 31.272811321372913, 31.35111051210109, 16.196268576421776, 20.073614118661173, 62.51775263717417, 160.79420476038902, 26.707522053995728, 25.104051091785543, 21.628472450370715, 89.395800072621], "mean_absolute_error": [0.04818263390995562, 0.010007873800583184, 0.010783250003494322, 0.011748817625269295, 0.011573259387165307, 0.012422788002341987, 0.010841702126339078, 0.01228720185905695, 0.01255831204727292, 0.01343539076410234, 0.013331837577745318, 0.014388590748980641, 0.01567549616843462, 0.014711838072165848, 0.015033941812813282, 0.015885523876547812, 0.01583691509962082, 0.015838806045800447, 0.016688943934068085, 0.017532977117598058]}