{"queries": [[128, 732, 258, 821, 126, 852, 733, 855, 478, 701], [1835, 1531, 1796, 1952, 1853, 1497, 1216, 1139, 1000, 1079], [2368, 2926, 2918, 2771, 2505, 2369, 2370, 2676, 2268, 2507], [3621, 3643, 3478, 3237, 3020, 3185, 3755, 3874, 3199, 3216], [4293, 4295, 4545, 4858, 4955, 4306, 4928, 4736, 4981, 4614], [5711, 5715, 5207, 5016, 5356, 5726, 5980, 5101, 5720, 5462], [6208, 6693, 6911, 6084, 6079, 6321, 6229, 6528, 6020, 6969], [7505, 7765, 7959, 7748, 7750, 7050, 7764, 7732, 7947, 7327], [8744, 8908, 8700, 8656, 8681, 8749, 8698, 8652, 8113, 8906]], "val_loss": [37.37505814980157, 37.37447890174389, 37.37484446615353, 37.37191951414384, 37.36926590876281, 37.36528557275795, 37.36054194039851, 37.356843842796984, 37.35514779670537, 37.35359920402989, 37.35135024370998, 37.355564148657024, 37.35920243567228, 37.35009566631168, 37.35339458943158, 37.35136954353005, 37.349715173766015, 37.35658447490633, 37.36752439261973, 37.34594768536836], "val_mean_absolute_error": [0.007092551067471504, 0.006007995134219527, 0.005682469164952636, 0.004990591163747012, 0.006024838676676154, 0.005293656136840582, 0.006051403051242232, 0.008403710179030896, 0.010992828033864498, 0.011061121180653572, 0.010492243196815252, 0.010556493278592824, 0.010704600904136895, 0.010352215379476547, 0.011895015753805638, 0.008258774448186158, 0.011302661277353764, 0.012819837991148234, 0.013511980179697276, 0.011109722938388586], "loss": [500.74079992989766, 144.18548037452362, 75.7488504545683, 74.7973480153216, 46.30720764299687, 43.75380565968565, 13.56225543113202, 6.710682313804142, 34.25381525969356, 158.55477261267788, 54.4330892502144, 19.024986171467976, 147.2160866485143, 35.12109265492484, 2664.7578081258744, 73.73511018288228, 665.2205086147703, 18.113493722802215, 14.185606337917969, 46.0155019966213], "mean_absolute_error": [0.0471544187951833, 0.011151656383648515, 0.009276329910382628, 0.008883849494718016, 0.008288383401930333, 0.00804166348464787, 0.007913856805488468, 0.008036924698017537, 0.009448748203739523, 0.010258683662861586, 0.010567444915138184, 0.010875760217010975, 0.011365205916762352, 0.012370563734322786, 0.014474735466018318, 0.012569386218860746, 0.013615970466658474, 0.01373893132507801, 0.014245533061400056, 0.014891249597817659]}