{"val_loss": [1.9791989494543523, 1.9751936744544656, 1.9717233263421803, 1.9778408633470534, 1.9710147520741448, 1.9729630130231381, 1.97348467894271, 1.9730597197217867, 1.972908490722999, 1.9711563081685453, 1.9699940306749195, 1.9738542821798473, 1.9710691827517002, 1.9723244789773597, 1.97291324817203, 1.9719653031602502, 1.9726525238342583, 1.9727658360544593, 1.9724357404727488, 1.972820028124377], "val_mean_absolute_error": [0.007072253830730915, 0.005189098715782166, 0.004024217346683145, 0.005086440161801874, 0.003505445335060358, 0.003169951685704291, 0.0029658664697781206, 0.002787938400171697, 0.0032282292330637575, 0.0027853392669931055, 0.003078253814019263, 0.0034856558702886105, 0.0026332422187551855, 0.0026173697402700783, 0.002969347044825554, 0.002613231936469674, 0.002608066807501018, 0.0026281297029927373, 0.002681539188604802, 0.0029157165442593395], "loss": [0.09645753928944469, 0.03195368729215115, 0.029792514928989114, 0.0201597893839702, 0.006878299413435161, 0.0028845935396384446, 0.0018543032914632932, 0.0014037859176751226, 0.0011360686204629018, 0.0009589701183722355, 0.0008463672975893132, 0.0007359693963546306, 0.0006791387759847566, 0.0006006825275486335, 0.0005484147851238959, 0.0005084147430956363, 0.0004774229461094365, 0.00044356417142553254, 0.000421858605730813, 0.00040118921378743837], "mean_absolute_error": [0.03427491616029292, 0.006739932324923575, 0.006456293157860637, 0.008130089509487152, 0.0063688256224617365, 0.004340535622928292, 0.0031713896980509163, 0.002684548878762871, 0.002371901479549706, 0.0021759384707082064, 0.0020329578306525946, 0.0019027716687880457, 0.0018045938699040563, 0.001712262759776786, 0.0016312321758363397, 0.001578972630482167, 0.001517834932822734, 0.0014679208963178098, 0.0014270616584457457, 0.0013971677255351096]}