{"queries": [[0, 1, 16, 17, 20, 33, 34, 35, 36, 113], [1661, 1818, 1189, 1425, 1583, 1619, 1662, 1817, 1819, 1855], [2759, 2595, 2161, 2714, 2760, 2882, 2971, 2437, 2438, 2758], [3683, 3230, 3646, 3025, 3068, 3113, 3170, 3314, 3171, 3112], [4643, 4957, 4764, 4171, 4307, 4487, 4642, 4697, 4799, 4958], [5055, 5200, 5292, 5324, 5027, 5201, 5415, 5325, 5530, 5694], [6098, 6473, 6242, 6099, 6100, 6152, 6243, 6474, 6097, 6779], [7271, 7272, 7655, 7810, 7110, 7812, 7656, 7809, 7811, 7456], [8940, 8941, 8315, 8566, 8427, 8530, 8678, 8367, 8682, 8149]], "val_loss": [1.98286222948879, 1.9815014412738383, 1.9787206362653524, 1.976770042873919, 1.9740560567304493, 1.9726055379882454, 1.9735714937523008, 1.9869271026998758, 1.9941868878901006, 2.0112872876226904, 2.0190160690546035, 1.9613264779374004, 1.9670496119707823, 1.9805159050822259, 1.9467204775959253, 1.9675867128372193, 1.9313652485683561, 1.9417557316571474, 1.9423688914254307, 1.9313936725482344], "val_mean_absolute_error": [0.007525648327544331, 0.005910962188616395, 0.006524964231997729, 0.00748348986543715, 0.008846493415534496, 0.009095048304647206, 0.010345445547252894, 0.011645391903817654, 0.011892719440162182, 0.013390486054122448, 0.014670121859759092, 0.012588579710572957, 0.015378074679523707, 0.017452489856630563, 0.0154007263854146, 0.02175562670081854, 0.012796012669801711, 0.013606037508696317, 0.016209739286452533, 0.015603763736784458], "loss": [127.17020639076755, 9.356770788725466, 34.51455697875451, 180.6558162706921, 64.1435861953292, 10.492258105852827, 26.367647483994812, 63.96874451090768, 32.40148240653705, 41.04085551800374, 1606.973867142217, 25.56859269786049, 105.96413280519377, 19.31543615651615, 164.7966858703563, 296.96259573976994, 20.633700146602838, 7.2645447405662384, 22.81504409526065, 129.52099364128821], "mean_absolute_error": [0.029904060599207877, 0.008494164421781898, 0.008659819712303578, 0.010530760705284775, 0.010609467366710305, 0.010290052353404463, 0.010958220304176211, 0.011629551902413368, 0.01308547402098775, 0.013657128334790469, 0.01568887152634561, 0.015830011716112494, 0.016212466691061855, 0.01775817091576755, 0.01741177862919867, 0.019993600182980298, 0.01979742941223085, 0.01945787472128868, 0.019408288679644465, 0.02020376052632928]}