{"queries": [[213], [1245], [2988], [3067], [4046], [5397], [6321], [7707], [8909]], "val_loss": [37.37503137773834, 37.37451071304083, 37.37371162258461, 37.372706698659805, 37.37009132283181, 37.364953010788184, 37.35943787762709, 37.358931805491444, 37.34640109435469, 37.34339483303949, 37.349944257445635, 37.34047456090152, 37.34346005286277, 37.35067929433286, 37.34004368177056, 37.332807792529465, 37.343600641071795, 37.327016266264025, 37.31868752919137, 37.30433535896242], "val_mean_absolute_error": [0.00816099794395268, 0.006687965484336019, 0.006480270789936185, 0.00608719627559185, 0.005999835394322872, 0.006363601483404637, 0.006877503905445338, 0.01006661418825388, 0.008336896123364568, 0.0095817840564996, 0.014207296580076217, 0.019953815653920175, 0.022127190500497818, 0.02098986102640629, 0.016440464824438096, 0.01508133289590478, 0.017556459456682206, 0.018634067974984646, 0.01570966026559472, 0.015261929366737604], "loss": [43.52363125596866, 8.85906089900732, 19.77430659574736, 23.470528461574204, 102.79957814371474, 65.31944395358711, 56.95448382045813, 13.423653412071989, 1766.7730457810708, 50.02904526440464, 1163.17654394807, 60.745358727797495, 76.17596484643072, 63.21185950401984, 52.04017150550801, 44.07639041478522, 67.7435438123392, 241.84498414260187, 221.83752386777476, 331.72590667880587], "mean_absolute_error": [0.04629278144724667, 0.009265526250377297, 0.008296749364770949, 0.008182720291614532, 0.00843341852221638, 0.008907260793820024, 0.009346565259993077, 0.008951048255153, 0.011208265863917767, 0.01020203098077327, 0.011925461827591062, 0.012279316177964211, 0.012656789692118763, 0.012881848180666566, 0.01466270461641252, 0.014057958087697626, 0.01451331556327641, 0.01733645744472742, 0.017100684136524796, 0.0170595535364002]}