{"val_loss": [53.68145712120272, 53.680526901118455, 53.67534492311068, 53.667369838738814, 53.660878769248725, 53.65717199426517, 53.64813817258924, 53.643394713535905, 53.66149158833921, 53.647986128255724, 53.652625323757526, 53.64748341673613, 53.6282769472301, 53.64633875712752, 53.60680781555176, 53.60125763329864, 53.58885638669133, 53.56304189744592, 53.55238310030103, 53.54960592637956], "val_mean_absolute_error": [0.007060460506007075, 0.006159090801142156, 0.006070973940193653, 0.007085668472573161, 0.00801826911047101, 0.00891562082618475, 0.00977669382467866, 0.010608519650995732, 0.013639518093317747, 0.013332233179360628, 0.01183776344358921, 0.010599764365702867, 0.010353290308266878, 0.011412870209664106, 0.011404978722333908, 0.011630195826292038, 0.011070447726175188, 0.010972554102540015, 0.010544519945979118, 0.011325021557509899], "loss": [178.66391110739858, 41.063167695493064, 43.200914982447586, 110.21910194100235, 180.52555235733297, 23.020502592848054, 43.07741815273855, 87.28939737279843, 80.14741209361888, 262.6447066270163, 13.397154272640497, 3.4795476409627124, 15.618729937818646, 146.3746531648783, 16.985864334057272, 28.56234922608342, 6.9840996214453135, 65.54071961354836, 214.516468170725, 48.362251468693835], "mean_absolute_error": [0.044313053862378, 0.010011757713928818, 0.008698386469483375, 0.009235455538518726, 0.010386836897209286, 0.009627205096557736, 0.00949091096315533, 0.010305351859889924, 0.010960473527759314, 0.01101906789559871, 0.011166312182322145, 0.009882271724566818, 0.010532663047686219, 0.01230089978389442, 0.011570784170553088, 0.011501068014279008, 0.011371830662339925, 0.012919363726675511, 0.013706093890964985, 0.014667691516131162]}