{"queries": [[817, 860, 903, 774, 771, 838, 792, 427, 766, 412], [1604, 1600, 1598, 1555, 1577, 1597, 1284, 1576, 1617, 1603], [2992, 2345, 2473, 2930, 2657, 2513, 2951, 2493, 2514, 2932], [3558, 3777, 3818, 3578, 3838, 3778, 3857, 3538, 3416, 3255], [35, 859, 57, 315, 79, 838, 101, 13, 380, 37], [1598, 1557, 1620, 1642, 1600, 1621, 1599, 1579, 1617, 1595]], "loss": [566.3847947258055, 320.66889581751826], "mean_absolute_error": [0.01590338224824518, 0.015029032912105321]}