{"queries": [[817, 860, 903, 774, 771, 838, 792, 427, 766, 412], [1604, 1600, 1598, 1555, 1577, 1597, 1284, 1576, 1617, 1603], [2992, 2345, 2473, 2930, 2657, 2513, 2951, 2493, 2514, 2932], [3558, 3777, 3818, 3578, 3838, 3778, 3857, 3538, 3416, 3255], [35, 859, 57, 315, 79, 838, 101, 13, 380, 37], [1598, 1557, 1620, 1642, 1600, 1621, 1599, 1579, 1617, 1595], [2286, 2513, 2285, 2554, 2452, 2534, 2472, 2306, 2718, 2657], [3546, 3526, 3566, 3507, 3324, 3984, 3406, 3386, 3264, 3283], [98, 180, 206, 315, 250, 9, 162, 725, 790, 120], [1598, 1617, 1615, 1534, 1595, 1594, 1764, 1320, 1557, 1172]], "loss": [1026.0099688727112, 1604.8870122436285], "mean_absolute_error": [0.014183599668554961, 0.014102343727834523]}