{"val_loss": [1.9785348103884608, 1.9661469979584216, 1.9593748878352344, 1.9657007491886616, 1.9742010131776333, 1.974702383697033, 1.9505065727606417, 1.9427406202871353, 1.9457656380273403, 1.9826159874759615, 1.9364439814221115, 1.9572188427597283, 1.9609700913326815, 1.9323139498718083, 1.9486707586450502, 1.932040301838424, 1.926742617267184, 1.9775422233268618, 1.9395928870681673, 1.9529295017514379], "val_mean_absolute_error": [0.019158433392643927, 0.010934858579188585, 0.01748466496169567, 0.045459434643387794, 0.03677248498797417, 0.02867373314499855, 0.018998030975461006, 0.0090863018296659, 0.008697104910388588, 0.0069306861329823735, 0.005931884991005063, 0.006239822709932923, 0.005350080167874694, 0.00474776921980083, 0.0041864429907873275, 0.0041645494867116216, 0.003810593269765377, 0.0036876375563442707, 0.004004745742306113, 0.003892348662018776], "loss": [0.7356763968320563, 0.62062049533315, 0.6087148729370907, 0.5822251368451864, 0.48778535933718087, 0.2869506255939603, 0.11355657373331488, 0.05726987470984459, 0.04020171760041267, 0.034155777842924, 0.02907697886424139, 0.023569165174197406, 0.02016502071125433, 0.01660884261885658, 0.013641897086240352, 0.012096252010017633, 0.010996622980339453, 0.009615960423555225, 0.009062598924385384, 0.008714703655941411], "mean_absolute_error": [0.0554888631798327, 0.012484313110634684, 0.013894175858050585, 0.020234316814690827, 0.034766309003531934, 0.046176412455737594, 0.0368100470803678, 0.020656845994666218, 0.013735647879168391, 0.010767529592476786, 0.0089972460526973, 0.008067481367476285, 0.007338823734596372, 0.006523755353316665, 0.005888890814967454, 0.005461169702559709, 0.005117380103468895, 0.00477561345230788, 0.004586570792738348, 0.004393438175227493]}