{"val_loss": [37.38346959676966, 37.37858530693874, 37.37689656129107, 37.37534330333583, 37.37600134295039, 37.3754348381944, 37.375324805082755, 37.37330651726388, 37.371117603503166, 37.37231988248974, 37.37152930628136, 37.37296253005229, 37.372700181649996, 37.37311663519964, 37.37477772894874, 37.37297725828365, 37.37188458125107, 37.370519823240116, 37.36613171803951, 37.362738080650566], "val_mean_absolute_error": [0.031539535552263256, 0.019485228829085828, 0.014329763945192099, 0.012780146803706885, 0.012521711498498917, 0.011234968274831772, 0.01044590463116765, 0.009631019793450832, 0.009963058862835168, 0.010921732343733311, 0.009634249867871404, 0.010351525153964758, 0.010059488993138075, 0.009018104827031493, 0.011029168996959925, 0.010250670608133077, 0.010529762644320727, 0.010882674988359212, 0.01329074690118432, 0.01228555630147457], "loss": [75.35815467111766, 31.55975665912777, 169.2477451696856, 12.072557818455808, 29.470965721538104, 283.18637202214376, 254.64445050947535, 90.37335965672284, 10.71880308043938, 133.98771228559986, 13.540465919853188, 55.86787514807861, 17.709393130723388, 11.52961445869431, 80.65506240205225, 55.129319314034845, 369.04728521798495, 17.774606408121436, 141.29403967454732, 17.909387493573128], "mean_absolute_error": [0.09115146266818047, 0.01780428174585104, 0.013973178736492991, 0.011878702317550779, 0.011192082903161645, 0.01185499099381268, 0.010945871192216874, 0.01077075597383082, 0.010729445483163, 0.012040107319131493, 0.011445385568216443, 0.012177655976265668, 0.012182507252320647, 0.012281577572226525, 0.013960967695340514, 0.014732219382375478, 0.015086648273468018, 0.01484530083090067, 0.01718339919485152, 0.016737875375524163]}