{"queries": [[0, 1, 15, 16, 17, 20, 31, 33, 34, 35], [1189, 1229, 1818, 1820, 1855, 1902, 1125, 1126, 1165, 1425], [2759, 2882, 2161, 2714, 2970, 2971, 2175, 2436, 2437, 2438], [3113, 3683, 3646, 3068, 3230, 3314, 3374, 3025, 3170, 3171], [4764, 4957, 4643, 4958, 4171, 4642, 4487, 4585, 4030, 4799], [5055, 5200, 5292, 5324, 5027, 5325, 5415, 5694, 5201, 5416], [6098, 6099, 6242, 6473, 6097, 6100, 6152, 6153, 6474, 6243], [7271, 7809, 7810, 7812, 7811, 7457, 7655, 7702, 7703, 7235], [8800, 8427, 8315, 8836, 8530, 8680, 8681, 8679, 8566, 8940]], "val_loss": [1.9828724814392626, 1.9817704754844307, 1.9799437222126872, 1.9790177808776497, 1.9741337591763586, 1.9741322068460285, 1.9695901761502028, 1.975633966654539, 1.9759225390180946, 1.975727359905839, 1.9695937788933515, 1.9657470547929405, 1.9612064296007157, 1.9638187243938445, 1.9666597683876752, 1.9495534454658627, 1.9569154926091432, 1.955992017403245, 1.961170429930091, 1.961242404565215], "val_mean_absolute_error": [0.005538641298189759, 0.005303950497880578, 0.005529603961855173, 0.008370554756373168, 0.007641441747546196, 0.009456910097971559, 0.009040279487147928, 0.013006130930036306, 0.011972908552736044, 0.010639813903719186, 0.009395796008408069, 0.00876510314270854, 0.009685784488916396, 0.01223390730842948, 0.016730737827718258, 0.01367203040421009, 0.02143150818347931, 0.018248024828732015, 0.01966066002100706, 0.019751137115061282], "loss": [31.54304730032291, 45.309033668442254, 13.893330932479724, 48.813085986120626, 24.826370825172773, 10.264305670407042, 43.06353186495006, 145.09449558641558, 109.86925992722902, 282.94204074113054, 20.180120772938988, 528.1711789852839, 76.74544447256402, 15.581841196245328, 49.28735892387387, 16.88121206317693, 9.921446195831894, 228.35566412262432, 110.1324732216198, 27.27919512442723], "mean_absolute_error": [0.03246447751224041, 0.00879784332253039, 0.007972824058681726, 0.009275973389483988, 0.00955380391292274, 0.009754746624827384, 0.009802082485891879, 0.011139525445736945, 0.011499183673411607, 0.011194804438389837, 0.011424092170596123, 0.012026652923598885, 0.01220727770626545, 0.013311854590848089, 0.013718016982078552, 0.014324153545498848, 0.014899633153900504, 0.01678449879437685, 0.01571840153746307, 0.015920513788983227]}