{"queries": [[0], [1189], [2759], [3025], [4855], [5159], [6474], [7413], [8220]], "val_loss": [1.983196277692914, 1.979478957137093, 1.9778239320684223, 1.9778256164193153, 1.9747550012487918, 1.9730729160066693, 1.9725023960508405, 1.9705996973216533, 1.9691730291210114, 1.9670795270577073, 1.96712435798347, 1.962844515323639, 1.9561750051043927, 1.9521025270968675, 1.9612044364511967, 1.9530667921453715, 1.944343235373497, 1.9360103304982186, 1.9340392187684774, 1.947035757765174], "val_mean_absolute_error": [0.009819206815212965, 0.006311127869412303, 0.006071090914309025, 0.007531278807669878, 0.007233063345775008, 0.007472637332975865, 0.007708199759945273, 0.008133103515952825, 0.008809110764414072, 0.009429842041805386, 0.011193441946059465, 0.0103051070086658, 0.009770107913762332, 0.012091479908674955, 0.013751791533082723, 0.014274168882519006, 0.012805204387754203, 0.014799385469406843, 0.01543910014629364, 0.015050986293703317], "loss": [3208.8832649797178, 19.383988044735602, 1562.87439636594, 473.1587679412607, 3804.635671688036, 203.31002163689118, 98.12120164226164, 83.17396391646322, 813.5559872237981, 297.7279259030251, 177.60458855797035, 20.038580967896618, 102.45090386257972, 17.60207800924573, 34.365229385712, 14.722328156231343, 26.84849235289879, 97.51913902641498, 42.485001355303076, 77.20127080617361], "mean_absolute_error": [0.038716885589435694, 0.009765725595131516, 0.009793818248808385, 0.009095273976773023, 0.011943889294192194, 0.010282245582155883, 0.009657879216223955, 0.010110873878374695, 0.01098863505590707, 0.011647384657338262, 0.012004099543392658, 0.012531215060129762, 0.014185280176624656, 0.014247473706305027, 0.01427878868021071, 0.015594257033988833, 0.01629824129678309, 0.01706139467135072, 0.01739597029313445, 0.016668318888545038]}