{"val_loss": [53.68523089580238, 53.68179506132007, 53.67840842718258, 53.667202155750246, 53.65843331038952, 53.6534094043225, 53.64681725106389, 53.640845897637305, 53.64097304624319, 53.63067110359669, 53.61915054930746, 53.61462979024649, 53.61068299461901, 53.59041679558158, 53.58927548731864, 53.57898150707781, 53.57582636976242, 53.62216911748052, 53.57081019537151, 53.57293657936156], "val_mean_absolute_error": [0.03644675888121128, 0.028023651510477067, 0.02597142969071865, 0.022035362124443056, 0.0171797803491354, 0.016215602990239858, 0.019235007878392933, 0.01899168311804533, 0.01667230075225234, 0.013169404916465283, 0.013889683559536934, 0.01621868475526571, 0.021094947822391987, 0.016343391675502063, 0.016429243240505455, 0.022998222924768923, 0.016952164474874735, 0.02289059839397669, 0.015242949832230806, 0.014837862767279148], "loss": [31.54173913289644, 20.519006011349706, 81.38725653456393, 1118.0390531857904, 66.3294700870771, 41.39928466472402, 66.08103153243754, 246.87794213807715, 42.504057725700925, 53.21580433376357, 21.010163251187468, 8.62589086208325, 62.386329030297325, 57.93165460140165, 83.99553621433395, 306.1695504862724, 317.93601102831104, 192.43327142597326, 461.18025481277687, 92.41728672786914], "mean_absolute_error": [0.049378182614222166, 0.011567800218984485, 0.01160276045128703, 0.012886590220779181, 0.011098701564595104, 0.01097744346614927, 0.01151053916439414, 0.01334606470502913, 0.01326795699596405, 0.012655934175103902, 0.0139960225623101, 0.0148282092705369, 0.01642545903660357, 0.01643101660348475, 0.017399928133934737, 0.017949356969073415, 0.018782620875537396, 0.018830029045417904, 0.019645005644485354, 0.01849301371574402]}