{"queries": [[23, 13, 805, 777, 728, 583, 31, 514, 288, 897], [1713, 1501, 1420, 1875, 1974, 1770, 1337, 1652, 1347, 1409], [2946, 2623, 2051, 2752, 2224, 2844, 2955, 2163, 2191, 2792], [3101, 3098, 3096, 3095, 3097, 3540, 3991, 3921, 3913, 3663], [4209, 4778, 4228, 4116, 4153, 4186, 4211, 4725, 4832, 4975], [5747, 5058, 5741, 5346, 5746, 5479, 5855, 5919, 5106, 5745], [6048, 6230, 6716, 6377, 6365, 6092, 6434, 6050, 6468, 6289], [7146, 7023, 7785, 7368, 7752, 7009, 7056, 7858, 7666, 7182], [8492, 8428, 8322, 8526, 8044, 8683, 8554, 8206, 8540, 8851]], "val_loss": [37.376084246894344, 37.37583937647566, 37.37573567663506, 37.375809142045675, 37.37595894848369, 37.375975330162795, 37.37605752262846, 37.37609451629221, 37.37582256372645, 37.37549404498562, 37.37300502587669, 37.37144265786745, 37.36029057900794, 37.35617353540845, 37.35356844627857, 37.35195447309315, 37.35045957382209, 37.3440666308999, 37.343889380604026, 37.34189836362004], "val_mean_absolute_error": [0.006276899425312877, 0.005714634574949741, 0.005675634603947401, 0.0065165395457297565, 0.006622652556747198, 0.00640505401790142, 0.006287275232374668, 0.007256163887679577, 0.006040413646027446, 0.009133672891184687, 0.008340436803176999, 0.007606915751472115, 0.009358185729011894, 0.00930796474404633, 0.009755378555506468, 0.00828972771205008, 0.01141813263297081, 0.015457973491400481, 0.021920303858816624, 0.014858106818050146], "loss": [14.404523275175691, 181.33141575625874, 101.00501667671968, 503.46340743607504, 180.68061557105557, 122.23893583490681, 75.11695415443518, 9.203731805279478, 43.29595042080413, 21.81077874237895, 16.18924110921938, 71.17941513623576, 157.17093107173463, 28.76643951556813, 38.0962785563603, 157.78635293379185, 25.183496153721027, 31.48497657471504, 126.74922098635547, 223.688920696125], "mean_absolute_error": [0.04659688771292567, 0.009481499492935837, 0.008482603301852942, 0.008911124914698303, 0.008513647320307792, 0.008227920311130583, 0.007639327228628099, 0.007219742882065475, 0.007815371344797314, 0.007536502643302083, 0.008024219990707933, 0.009547609965316952, 0.011552238125726581, 0.012077833271771669, 0.011478732923977077, 0.01144792345892638, 0.01175632897913456, 0.012235508089885116, 0.01189900449924171, 0.01373005228806287]}