{"queries": [[16], [1697], [2595], [3646], [4643], [5055], [6098], [7655], [8566]], "val_loss": [1.98421357973665, 1.980030625147745, 1.9795838316604495, 1.9723597372993826, 1.9704133352637292, 1.968096766807139, 1.9946239273697137, 1.973679065003991, 1.9762695533633232, 1.9701033108830452, 1.9807927468270063, 1.9591020149886609, 1.9669391358345747, 1.9620429282039404, 1.9370474456846714, 1.939469508677721, 1.9498543284982444, 1.9246931070536375, 1.9464635857343673, 1.9443815483301878], "val_mean_absolute_error": [0.02673064011335373, 0.022983941435813903, 0.02085198765993118, 0.01335497161373496, 0.00856825354322791, 0.00983415086194873, 0.01650487345084548, 0.013180150005966425, 0.013541456714272499, 0.01375305002555251, 0.013585689079016448, 0.009944869827479124, 0.012184477284550667, 0.011998258151113987, 0.010690554209053517, 0.011840544499456882, 0.012770210061222314, 0.012949406515806913, 0.01300021105632186, 0.015875128030776977], "loss": [56.86124148119595, 120.2816053373361, 56.545807386112585, 482.1051585332142, 55.5922726031607, 5.301535823591985, 28.715208425155282, 13.850533274861053, 34.46154067456648, 306.35933627974, 784.7237792980764, 457.09159068923, 10.90888138891682, 40.577904003515464, 6.708164484068751, 26.6984992278615, 23.708969621390292, 428.80701099261677, 60.70441724134553, 74.02232714960277], "mean_absolute_error": [0.055782694881036876, 0.012548151107877492, 0.01187312833406031, 0.011790701895952225, 0.011861578357592224, 0.01117297842502594, 0.012021737056225537, 0.011712077195942402, 0.01193279594220221, 0.01296342576108873, 0.015449896808341145, 0.015083830178156496, 0.01474639180675149, 0.014613176252692938, 0.01562684584595263, 0.016144567283988, 0.016984220333397387, 0.01775443635098636, 0.017657814330235125, 0.017180725507065654]}