{"loss": [0.08609445590898394, 0.02283012318983674, 0.015907891205511986, 0.012016532788053156, 0.009342256959527732, 0.007558613860514015, 0.006400823926087469, 0.005659276599995792, 0.005145215051714331, 0.004796355602797121, 0.0045509707494638865, 0.004350331604480743, 0.004201005840208381, 0.004076235091779381, 0.003968906128779054, 0.0038748316541314127, 0.003800687786657363, 0.0037360630757175385, 0.0036710345526225867, 0.003616826707031578, 0.0035554213067516684, 0.0035147138936445117, 0.0034674418848007916, 0.0034323693118058145, 0.0033863041894510388, 0.003355231034569442, 0.0033141844421625136, 0.003281695736106485, 0.003247383993584663, 0.003216570822522044, 0.0031853913986124097, 0.003160301817813888, 0.0031316218783613296, 0.0031017039257567377, 0.0030762471640482544, 0.0030503144469112157, 0.0030237143388949336, 0.0030013996788766234, 0.002979632923612371, 0.002956661314936355, 0.0029368466979358345, 0.002914004241814837, 0.0028967966658528894, 0.0028739716263953595, 0.0028556966299656777, 0.002835002319421619, 0.0028173623746261, 0.0027977514720987527, 0.002783654554979876, 0.0027624302685726435, 0.0027457394420634957, 0.0027311411569826303, 0.0027123751325998455, 0.00269797620549798, 0.0026786142541095613, 0.0026629420574754478, 0.0026449838851112873, 0.002631818547612056, 0.002613049236126244, 0.002598337172763422, 0.0025863029861357065, 0.0025704787026625125, 0.0025538740681950002, 0.0025410494059324266, 0.0025253449373412876, 0.0025078303290065377, 0.002494910672539845, 0.0024804853894747794, 0.002463027289835736, 0.00244977059122175, 0.0024344175930600615, 0.0024212677830364555, 0.002406574378022924, 0.0023955406323075295, 0.0023824354810640215, 0.0023662989700678734, 0.0023490807130001484, 0.0023398730214685202, 0.002322840533219278, 0.0023079967570956796, 0.0022961727411020547, 0.002281215762719512, 0.0022640458848327398, 0.0022518131490796805, 0.002236019996460527, 0.0022233672894071787, 0.0022079442127142103, 0.0021926841551903635, 0.002175795634975657, 0.002161485604476184, 0.002146828309632838, 0.002133083935128525, 0.002120145999826491, 0.0021052162169944494, 0.0020915279272012413, 0.002079008685424924, 0.0020683864555321634, 0.0020524979005567727, 0.002038686605868861, 0.002026322424178943], "mean_absolute_error": [1.3536921739578247, 1.191771149635315, 1.0318070650100708, 0.8785682916641235, 0.7413272261619568, 0.649613618850708, 0.5940377116203308, 0.5589962005615234, 0.537598729133606, 0.5246375203132629, 0.5162876844406128, 0.510167121887207, 0.5055222511291504, 0.5018336772918701, 0.4986392855644226, 0.49595341086387634, 0.4937068521976471, 0.4921058118343353, 0.4902336001396179, 0.4890683889389038, 0.4876604974269867, 0.48665571212768555, 0.4855283498764038, 0.4844948947429657, 0.48351573944091797, 0.48259010910987854, 0.4815407991409302, 0.4805386960506439, 0.47964009642601013, 0.478829950094223, 0.47792375087738037, 0.4771372079849243, 0.4762628972530365, 0.47547903656959534, 0.4746522903442383, 0.47402775287628174, 0.473041296005249, 0.47247248888015747, 0.4716043472290039, 0.4707461893558502, 0.47020140290260315, 0.46938300132751465, 0.4687495529651642, 0.46791940927505493, 0.4672432541847229, 0.46657565236091614, 0.465835839509964, 0.46512389183044434, 0.464374840259552, 0.46363869309425354, 0.46309250593185425, 0.46228769421577454, 0.46166935563087463, 0.4611035883426666, 0.46019309759140015, 0.45952290296554565, 0.4589330554008484, 0.4581645429134369, 0.45744869112968445, 0.4567958414554596, 0.45609235763549805, 0.4554674029350281, 0.4546256363391876, 0.4540189504623413, 0.4532562494277954, 0.45258650183677673, 0.45186445116996765, 0.4511658549308777, 0.4504799544811249, 0.44966253638267517, 0.4489498436450958, 0.44822025299072266, 0.44751980900764465, 0.4467804431915283, 0.44606900215148926, 0.44530341029167175, 0.4445706009864807, 0.4438508450984955, 0.443000853061676, 0.44228655099868774, 0.44137150049209595, 0.44072380661964417, 0.43978825211524963, 0.4391268491744995, 0.4383785128593445, 0.43772271275520325, 0.4369845390319824, 0.43612563610076904, 0.4354672431945801, 0.43458980321884155, 0.4337714612483978, 0.43290019035339355, 0.4321427047252655, 0.43120449781417847, 0.43039005994796753, 0.42962849140167236, 0.4287901520729065, 0.42808789014816284, 0.42710626125335693, 0.42648154497146606]}