{"queries": [[179, 180, 259, 104, 178, 181, 182, 183, 185, 186], [1950, 1951, 1086, 1087, 1673, 1949, 1674, 1952, 1694, 1948], [2815, 2786, 2785, 2912, 2814, 2816, 2983, 2576, 2790, 2787], [3491, 3654, 3848, 3333, 3827, 3867, 3490, 3710, 3846, 3847], [4196, 4346, 4598, 4347, 4185, 4597, 4197, 4348, 4186, 4195], [5284, 5283, 5006, 5285, 5414, 5254, 5704, 5813, 5282, 5562], [6044, 6554, 6913, 6216, 6252, 6253, 6370, 6719, 6994, 6957], [7531, 7856, 7182, 7855, 7273, 7186, 7183, 7192, 7193, 7177], [8538, 8618, 8578, 8539, 8577, 8121, 8167, 8617, 8645, 8075]], "val_loss": [53.68530238000676, 53.67706008804962, 53.661173611532895, 53.64956589583308, 53.640545407552274, 53.63621276202798, 53.62802606608719, 53.637484353139996, 53.61024548833072, 53.597646026603876, 53.599185024186966, 53.588704496636986, 53.574273258194324, 53.576171915054324, 53.56840739142895, 53.59029061615467, 53.54523495694995, 53.588792154490946, 53.555968675017354, 53.54188450679183], "val_mean_absolute_error": [0.04434533302485943, 0.03371143647283316, 0.025080141171813012, 0.022706229023635387, 0.021647920563817025, 0.01845089790225029, 0.01811606029048562, 0.02077886263653636, 0.013633250787854195, 0.011973285645246506, 0.012206288203597069, 0.016379707060754298, 0.013716388445347548, 0.025965063907206057, 0.02772553000599146, 0.024166951827704907, 0.02361454513669014, 0.027227654807269575, 0.026497192330658437, 0.03046629264205694], "loss": [30.54129212186709, 256.0611053897098, 20.449710554639438, 22.448690301143937, 249.3627140894873, 166.0969649149744, 75.41051284562516, 30.572013573504798, 25.11312024893351, 69.80762885795068, 36.520672578474134, 70.64945034694001, 633.0931435377978, 65.40900604582075, 161.98946288576872, 13.130157671989128, 381.551572200178, 32.936782696899215, 30.96903426861018, 722.3212067214191], "mean_absolute_error": [0.08956010465472937, 0.01689581900909543, 0.014187891820818185, 0.01371887715421617, 0.014197757725790143, 0.014043979403376579, 0.014375825699791312, 0.014026997883617878, 0.014440712697803974, 0.013670025160908698, 0.015347950205206871, 0.01780113697461784, 0.017109892484918236, 0.016561637554317714, 0.01679226210042834, 0.01747472456693649, 0.018976568385213614, 0.018199939300864935, 0.017872835306823254, 0.018436991139501334]}