{"val_loss": [53.680233438521626, 53.67660488477163, 53.66650253622234, 53.65794654057175, 53.647820218473676, 53.64622580078244, 53.66155008362234, 53.65692366433144, 53.65389586798847, 53.68008582477272, 53.70364639639855, 53.62604009999335, 53.64519148790836, 53.605914782688025, 53.59801216378808, 53.60399721258879, 53.598992474362255, 53.58879838725179, 53.60724121809006, 53.59351540778577], "val_mean_absolute_error": [0.01358608304336667, 0.01098102542757988, 0.00932180855050683, 0.00900848495401442, 0.01063164108991623, 0.012485115818679332, 0.013974045988172293, 0.01449256432056427, 0.01245158638805151, 0.01442673097923398, 0.017271406821906567, 0.013859251763671636, 0.015600752264261246, 0.012729632221162319, 0.011255224969238043, 0.013333089753985405, 0.013550312433391809, 0.011008635845035315, 0.018577790960669516, 0.014589918613433837], "loss": [42.810712176823245, 18.81765067787245, 34.37769521559067, 19.659173736139387, 82.94132636159529, 63.80730192938931, 58.324590733877194, 27.495202102960647, 27.390418723541124, 19.19124511997886, 47.751022703537714, 19.61817541598957, 628.0748923273554, 50.60627051146664, 44.66009200096465, 18.313565956375374, 4023.5868897012183, 21.65824221341256, 1122.5838114382586, 619.6451643246706], "mean_absolute_error": [0.0333449964530766, 0.008818939853832126, 0.009080728172138333, 0.009436608021706342, 0.00981913146097213, 0.009708265290595592, 0.010661258888617157, 0.010447813578136265, 0.010873825414292514, 0.01115150788128376, 0.012790309866890311, 0.013078063702583314, 0.014046164165437221, 0.01378957965709269, 0.01512779437378049, 0.014778291584923864, 0.017237637345865368, 0.015274724501371384, 0.01521219889484346, 0.016990216328576207]}