{"val_loss": [37.37173677226715, 37.365208244143055, 37.35665922473371, 37.34074437124841, 37.32190678506345, 37.31207121320069, 37.28997162026912, 37.275702368095516, 37.256845427073536, 37.25380586230755, 37.24624744686484, 37.2238179647401, 37.20995838998258, 37.219686201758684, 37.22123634451628, 37.19889313521236, 37.170694868646564, 37.161878380849956, 37.167928991287944, 37.15865145261586], "val_mean_absolute_error": [0.007636378960683942, 0.007472759900614619, 0.0070395775437355045, 0.00808053832873702, 0.01128707580640912, 0.010135565239936114, 0.015777728382498028, 0.012090011108666658, 0.013564722459763288, 0.011740659434348344, 0.011706861890852452, 0.012531592875719071, 0.012518454030156136, 0.01631769786030054, 0.01854104758054018, 0.01798149489611387, 0.018501331090927123, 0.019846423000097275, 0.022073998272418977, 0.019153693273663522], "loss": [20869.862865051233, 20869.709775011237, 20869.651442734616, 20869.599778814416, 20869.51894060939, 20869.523693244202, 20869.33838495361, 20869.267275985443, 20869.153408757273, 20869.064417690708, 20868.951895185033, 20868.729581778487, 20868.805511495397, 20868.65180004838, 20868.92778404519, 20868.522601033448, 20868.645723287347, 20868.580538060607, 20868.325030786134, 20868.014760962895], "mean_absolute_error": [0.08174324923567473, 0.01923517511896789, 0.01967138754762709, 0.020477350667491557, 0.022144525211304427, 0.02336934932433069, 0.02527478550300002, 0.02599312168955803, 0.02618527823649347, 0.027105384048819542, 0.028642855257540942, 0.028456160144507886, 0.02830718322619796, 0.028286950670927763, 0.027935222451388835, 0.0291425308637321, 0.028214665357768537, 0.029654325211048126, 0.030417297038435934, 0.030304280407726765]}