{"queries": [[972], [1858], [2757], [3869], [4453], [5668], [6277], [7747], [8681]], "val_loss": [37.37570148772188, 37.37502846539579, 37.374600648667666, 37.37473213478923, 37.373362821729856, 37.37275141052716, 37.370680309148504, 37.366039091099054, 37.36096772703715, 37.35772348723188, 37.35166823362559, 37.35024892365932, 37.346566795993596, 37.34344166745245, 37.339588833205404, 37.33709113034978, 37.339337250357495, 37.3389299258776, 37.334584533583374, 37.333366128601135], "val_mean_absolute_error": [0.006789566582068801, 0.006171182507649064, 0.006390650337561965, 0.0072430371213704344, 0.006466264948248863, 0.006436188798397779, 0.007469627989456057, 0.008898510726168752, 0.007482402440160513, 0.008000582356005908, 0.008913627071306109, 0.008710412414744496, 0.009353914013132453, 0.010081431295722722, 0.010664407789707184, 0.014940155327320098, 0.012269503202289343, 0.009948360234498977, 0.013491619795560838, 0.012633964981883765], "loss": [54.89351781066991, 64.46352961621359, 30.466393870189226, 19.00324822797831, 305.8211220856953, 99.16908906703499, 16.49479221814107, 77.66477132693176, 30.368930450465903, 395.79087885087523, 43.55677773846295, 196.06007078390027, 206.71657494624685, 81.69972542544566, 33.470555595192685, 331.33739374783414, 51.46691917800475, 68.82573277208637, 1117.1808860800172, 28.023101899809575], "mean_absolute_error": [0.04784219685867429, 0.00899925560876727, 0.008532972874864935, 0.00849193103145808, 0.009482052205316723, 0.008632899664528668, 0.009110705609619617, 0.010195049822889268, 0.010265857556276023, 0.011493874680995941, 0.011163946093060076, 0.011464235274493695, 0.010120691955275833, 0.010347522959113122, 0.010439642696641386, 0.012339670000784099, 0.012359620990976691, 0.012299088702723384, 0.014122367667406797, 0.012952798894047737]}