{"queries": [[355], [1046], [2380], [3308]], "val_loss": [37.375578499721364, 37.37554702090844, 37.375699460791424, 37.37527808120847, 37.375288590205834, 37.375004879148676], "val_mean_absolute_error": [0.008989476045593619, 0.008690391255542636, 0.008547951044514775, 0.008407248016446829, 0.008361386269330978, 0.008374847723171115], "loss": [0.4549985031783581, 0.996708227545023, 340.0826258247346, 41.727996524907645, 0.21317296646535397, 888.0898709185421], "mean_absolute_error": [0.013138565458357334, 0.012857530936598778, 0.018156572878360748, 0.015128251947462559, 0.012490590959787369, 0.021630926728248595]}