{"val_loss": [53.78760156545043, 54.08132325136661, 54.245323747634885], "val_mean_absolute_error": [0.16450098550319672, 0.31825982975959777, 0.37738636195659636], "loss": [11.846929006576538, 3.1105222511291504, 2.1498843169212343], "mean_absolute_error": [0.7811465811729431, 0.49284992933273314, 0.3493145346641541], "queries": [0]}