{"queries": [[180], [1898], [2815], [3491], [4196], [5006], [6554], [7856], [8167]], "val_loss": [53.68079075470939, 53.676205842956904, 53.66834452043474, 53.66026585723087, 53.65283778071776, 53.64442589580268, 53.64271005750447, 53.65285569047928, 53.636681791126726, 53.624489098116754, 53.61278404200077, 53.62570662781596, 53.595884633839134, 53.5869870480299, 53.57609679454565, 53.60362162064016, 53.57819375278056, 53.5836292566359, 53.56011583354324, 53.54745343101025], "val_mean_absolute_error": [0.015445109851658345, 0.010634346339851618, 0.00952105881087482, 0.008743467889726162, 0.008594165386632085, 0.012580107286572457, 0.013942223124206066, 0.013818860016763211, 0.013817004289478064, 0.016100411016494037, 0.019832561522722246, 0.016387660950422288, 0.015807648561894892, 0.021804313249886034, 0.0179951696023345, 0.016512509636580942, 0.021359027579426766, 0.019277174092829228, 0.03248742499947548, 0.012525539580732584], "loss": [23.60584949800875, 21.833477272605524, 30.787776200057007, 41.94524896199424, 109.25755024509002, 50.805306234495525, 2990.000468513361, 122.27832518156507, 27.133670843827723, 282.86021000788304, 116.88720568048842, 223.65863525207527, 50.24917519640587, 86.07341053734925, 123.51540184902568, 593.6439375051094, 33.184429126413356, 209.12878685466518, 78.0157565056717, 141.46516538339424], "mean_absolute_error": [0.03512709248661995, 0.009683627260290087, 0.009669270505942405, 0.010578245186060667, 0.010930885016918182, 0.011484337735176086, 0.014614236445352435, 0.013406919899955391, 0.013250631405040621, 0.01358569201938808, 0.01422990915365517, 0.013999922854453326, 0.015037219999358057, 0.015732376492768527, 0.01603496388718486, 0.015777953125536443, 0.015662356109917164, 0.01542405656054616, 0.016673282156139613, 0.017693289094790815]}