{"loss": [0.17279683960080147, 0.021168137995898725, 0.018108749428391458], "pose_loss": [0.026104910299181938, 0.015487727709114552, 0.014847912825644016], "output_0_loss": [0.026823507621884346, 0.002779665868729353, 0.0016498840413987637], "output_1_loss": [0.0722760558128357, 0.0016841493779793382, 0.0009625586681067944], "output_2_loss": [0.047592416405677795, 0.001216588425450027, 0.0006484028417617083], "pose_mean_absolute_error": [1.1708295345306396, 1.1378650665283203, 1.1330548524856567], "output_0_mean_absolute_error": [0.07964812964200974, 0.02462846226990223, 0.01893954910337925], "output_1_mean_absolute_error": [0.10948573052883148, 0.013654432259500027, 0.010139735415577888], "output_2_mean_absolute_error": [0.04356623440980911, 0.008194216527044773, 0.005652581341564655]}