{"val_loss": [1.983322744967416, 1.9825878761559725, 1.9814142022021115, 1.9773639827221632, 1.9737511321622878, 1.974848445225507, 1.9772861026152968, 1.9952679436206817, 1.9900567109435796, 2.058081351041794, 2.032045428842306, 2.004156043082476, 1.9707544132471084, 1.956728941142559, 1.9695895522832871, 1.946284114666283, 1.943083343937993, 1.9431000824868678, 1.9547662305533886, 1.9310385221987962], "val_mean_absolute_error": [0.007950739316642284, 0.006745885483920574, 0.006571057023480534, 0.00790912332944572, 0.007134906526654959, 0.01059129298850894, 0.010244476653635502, 0.012112823780626059, 0.011793579425662755, 0.0157952901981771, 0.01474154433235526, 0.016136828899383546, 0.014509942185133696, 0.014909177452325822, 0.017924453645944596, 0.01618818759173155, 0.015458199806511402, 0.019645047418773175, 0.017012204583734272, 0.016752547688782215], "loss": [230.45760558290985, 19.78880548318103, 381.316522737167, 59.532902349157446, 9.150739271822758, 48.408228032857366, 22.822706541433, 94.331928059447, 48.56998828196917, 151.1266207617419, 137.99747161808702, 29.91887953226436, 18.92993953828793, 57.412732237767244, 70.96945735790655, 21.061040994582324, 19.200611894156783, 158.4489814997319, 249.30933530967386, 40.58692723363731], "mean_absolute_error": [0.033776920353993774, 0.00914686378184706, 0.009482833196409047, 0.009793112837709486, 0.010796095698326826, 0.01135594309233129, 0.011427949987351894, 0.012257755071297288, 0.013165675419941545, 0.014450390811264514, 0.015447127285972237, 0.016025186142325402, 0.01686743621043861, 0.01694366839788854, 0.01853337427005172, 0.01824880810007453, 0.01918659183755517, 0.021955284829437732, 0.022580904973298312, 0.021069349810481072]}