{"val_loss": [37.37497567261197, 37.37467036286741, 37.374211413180454, 37.37399054846912, 37.37424107070267, 37.3725095267985, 37.373125309739265, 37.36937798385881, 37.3617327105999, 37.35455786550418, 37.352757534071806, 37.348891722619534, 37.34576190852374, 37.3495467363894, 37.34675660772621, 37.34911077680439, 37.348048187986016, 37.337608493197706, 37.340269669767466, 37.33550241924822], "val_mean_absolute_error": [0.006553460953757167, 0.005583387708291411, 0.005970458138734102, 0.005907056635245681, 0.006297976525500417, 0.00616177604906261, 0.008242773251608014, 0.008499924041330814, 0.008146545134484769, 0.010338664077222347, 0.009905845925211907, 0.011896603830158711, 0.010487712621688842, 0.012023106899112464, 0.011921720508486033, 0.015069159641861916, 0.012558146115392447, 0.014793809603899716, 0.012865759044885636, 0.01444323729723692], "loss": [27.19914024393428, 409.30376543253044, 42.68973898024056, 271.3932335258037, 53.804667849523014, 857.3719215877999, 35.912535901649484, 22.817454249701647, 225.2923292223906, 53.7130290223008, 74.06848060079571, 57.45334140899237, 8.93050862436816, 705.3902069129668, 37.644243621516225, 40.392811415247245, 109.9219038457835, 8.375228056402877, 11.384221337149292, 314.4419750312463], "mean_absolute_error": [0.03885061007477343, 0.008804680553078651, 0.007885111486911773, 0.008072048505581915, 0.008503672303259373, 0.009260654545761644, 0.009183784488029778, 0.009408374524489045, 0.011136354023776949, 0.012202817469462753, 0.012824168208241463, 0.013370328801497817, 0.011848483901098371, 0.013190268525853753, 0.012897096582129598, 0.013887934899702668, 0.0132257310513407, 0.0128600602068007, 0.013913331528007984, 0.01417527599222958]}