{"val_loss": [53.67852237637341, 53.66890014373325, 53.65172123626992, 53.640572084467856, 53.625081258233635, 53.623231936983764, 53.60467804218829, 53.58765800814331, 53.578189655020836, 53.557744496122005, 53.541768806420265, 53.520690426267684, 53.485352620452645, 53.444229872137306, 53.39856449738145, 53.35529002899676, 53.29851045999676, 53.21839521283284, 53.10992520676553, 53.119431322392074], "val_mean_absolute_error": [0.01291324095800519, 0.009229766637086868, 0.009771357644349337, 0.007592667128890753, 0.008416728934273124, 0.010366503220051526, 0.012055046688765288, 0.016003226459026337, 0.017012603335082532, 0.02290087727457285, 0.03873339933156967, 0.043878072813153264, 0.028390889398753644, 0.05854854042828083, 0.032443539664149285, 0.029765100307762624, 0.027401489347219466, 0.03006728768348694, 0.02392600054293871, 0.02776596412062645], "loss": [20840.877588277504, 20840.817376243605, 20840.745458794518, 20840.709498140674, 20840.675392243043, 20840.647982123304, 20840.558770892407, 20840.552672050762, 20840.5352876871, 20840.564352930083, 20840.314180180038, 20840.25843276668, 20840.327371408166, 20840.15126203453, 20839.784237288368, 20839.374831292876, 20839.320212692488, 20839.43905233058, 20839.28521441264, 20838.90633437181], "mean_absolute_error": [0.039698811558261514, 0.015713671013340355, 0.01629484204687178, 0.017029817943647503, 0.017955442247539758, 0.018653072298318148, 0.01989829665757716, 0.02024427859708667, 0.021921483783051372, 0.02343590334020555, 0.02513293882831931, 0.02671658186763525, 0.027163273333758117, 0.028947280172258616, 0.033157130597531795, 0.03604688185825944, 0.03600464246943593, 0.03725533286333084, 0.03747986710444093, 0.03829272435307503]}